id,species,observed_on,place,user,latitude,longitude,life_stage,alive_or_dead,url
258609826,Eastern Mudsnail,2024-12-30 11:51:11-05:00,"Cape May County, NJ, USA",fishing_429,39.0348433997,-74.7687138997,,,https://www.inaturalist.org/observations/258609826
256978225,Eastern Mudsnail,2024-06-03 06:45:00-04:00,"Cape May, NJ 08204, USA",jmaughn,38.945449944,-74.8991819415,,,https://www.inaturalist.org/observations/256978225
256660746,Eastern Mudsnail,2024-12-29 13:07:15-05:00,"Gateway National Recreation Area, Highlands, NJ, US",tesgeorge,40.4482716667,-73.99733,,,https://www.inaturalist.org/observations/256660746
251824196,Eastern Mudsnail,2024-11-14,Beach Haven,rkluzco,39.5592818643,-74.2431961745,,,https://www.inaturalist.org/observations/251824196
251242950,Eastern Mudsnail,2024-11-03 15:10:40-05:00,"Jersey City, NJ 07305, USA",xiao89353,40.6951141698,-74.0690088272,,,https://www.inaturalist.org/observations/251242950
250482639,Eastern Mudsnail,2024-11-04 14:22:41-05:00,"Upper New York Bay, Jersey City, NJ, US",gwt2102,40.694375,-74.0653221667,,,https://www.inaturalist.org/observations/250482639
250482512,Eastern Mudsnail,2024-11-04 14:24:56-05:00,"Upper New York Bay, Jersey City, NJ, US",gwt2102,40.6944383333,-74.0651945,,,https://www.inaturalist.org/observations/250482512
248122791,Eastern Mudsnail,2024-10-19 13:49:18-04:00,"Gateway National Recreation Area, Atlantic Highlands, NJ, US",luislirianoperez,40.404775,-73.97905,,Alive,https://www.inaturalist.org/observations/248122791
248084689,Eastern Mudsnail,2024-10-19 11:35:47-04:00,"Gateway National Recreation Area, Atlantic Highlands, NJ, US",amagg24,40.4071212408,-73.9757484676,,Dead,https://www.inaturalist.org/observations/248084689
248067506,Eastern Mudsnail,2024-10-19 09:46:22-04:00,"Atlantic City, NJ 08401, USA",swampythings,39.3572375253,-74.420889169,,Dead,https://www.inaturalist.org/observations/248067506
247832416,Eastern Mudsnail,2024-10-17 17:27:25-04:00,Beach Haven,rkluzco,39.5592818643,-74.2431961745,,Dead,https://www.inaturalist.org/observations/247832416
247832154,Eastern Mudsnail,2024-10-17 17:28:10-04:00,Beach Haven,rkluzco,39.5592818643,-74.2431961745,,Dead,https://www.inaturalist.org/observations/247832154
247827890,Eastern Mudsnail,2024-10-17 17:29:11-04:00,"Beach Haven, NJ 08008, USA",rkluzco,39.5592795379,-74.2431961745,,,https://www.inaturalist.org/observations/247827890
247778322,Eastern Mudsnail,2024-10-16 11:45:00-04:00,"Beach Haven, NJ 08008, USA",rkluzco,39.5580404369,-74.2389583,,Dead,https://www.inaturalist.org/observations/247778322
247030728,Eastern Mudsnail,2024-10-12 12:00:55-04:00,"Upper Township, NJ, USA",fishing_429,39.2068435997,-74.6568649997,,Alive,https://www.inaturalist.org/observations/247030728
247030127,Eastern Mudsnail,2024-10-12 11:55:07-04:00,"Ocean City, NJ 08226, USA",fishing_429,39.2067327997,-74.6569728,,Alive,https://www.inaturalist.org/observations/247030127
246853950,Ilyanassa obsoleta,2024-10-09 09:51:32-04:00,"Gateway National Recreation Area, Atlantic Highlands, NJ, US",sophie_roy,40.425155849,-73.9845624359,,,https://www.inaturalist.org/observations/246853950
246684542,Eastern Mudsnail,2024-10-10 12:25:34-04:00,"Keansburg, NJ, USA",rhroy,40.4555198997,-74.1736652,,,https://www.inaturalist.org/observations/246684542
246683252,Eastern Mudsnail,2024-10-09 16:53:40-04:00,"Sandy Hook, Middletown Township, NJ, USA",rhroy,40.4048402997,-73.9793039997,,Dead,https://www.inaturalist.org/observations/246683252
246562925,Eastern Mudsnail,2024-10-09 16:49:41-04:00,"Gateway National Recreation Area, Atlantic Highlands, NJ, US",nathalier71,40.40817,-73.980575,,,https://www.inaturalist.org/observations/246562925
246562692,Eastern Mudsnail,2024-10-09 17:18:08-04:00,"Gateway National Recreation Area, Atlantic Highlands, NJ, US",nathalier71,40.4078883333,-73.980675,,,https://www.inaturalist.org/observations/246562692
246072318,Ilyanassa obsoleta,2024-10-06 15:25:22-04:00,"Lighthouse Rd, Heislerville, NJ, US",sophie_roy,39.1966633333,-75.0277861667,,,https://www.inaturalist.org/observations/246072318
246072267,Ilyanassa obsoleta,2024-10-06 15:24:31-04:00,"Lighthouse Rd, Heislerville, NJ, US",sophie_roy,39.1966583333,-75.0278555,,,https://www.inaturalist.org/observations/246072267
244060289,Eastern Mudsnail,2024-09-22 10:46:07-04:00,"Little Egg Harbor Township, NJ 08087, USA",fishing_429,39.5389934,-74.3257351,,Unknown,https://www.inaturalist.org/observations/244060289
242715039,Eastern Mudsnail,2024-09-19 13:43:15-04:00,"Cape Island Creek, Cape May, NJ, US",aidan17,38.9494353038,-74.9140913385,,Unknown,https://www.inaturalist.org/observations/242715039
242589554,Eastern Mudsnail,2024-09-16 18:44:36-04:00,"Cape May County, US-NJ, US",fishing_429,39.0572268013,-74.7921202767,,Unknown,https://www.inaturalist.org/observations/242589554
239710238,Eastern Mudsnail,2024-08-31 17:50:17-04:00,"Cumberland County, NJ, USA",fishing_429,39.2424739712,-75.1777760312,,Unknown,https://www.inaturalist.org/observations/239710238
239375847,Eastern Mudsnail,2024-08-21 17:20:40-04:00,"Raritan Bay, Keansburg, NJ, US",pohoro,40.4580457416,-74.1785607208,,Unknown,https://www.inaturalist.org/observations/239375847
238958338,Eastern Mudsnail,2024-08-31 09:44:41-04:00,"Gateway National Recreation Area, Highlands, NJ, US",sandytrails,40.4488688096,-73.9996508299,,,https://www.inaturalist.org/observations/238958338
238154182,Eastern Mudsnail,2024-08-26 18:48:53-04:00,"S Delaware Ave, Villas, NJ, US",passerina,39.049624547,-74.9276502925,,Alive,https://www.inaturalist.org/observations/238154182
237839628,Eastern Mudsnail,2024-08-24 15:58:00-04:00,"Sandy Hook, Middletown Township, NJ, USA",nativeplantaddict,40.4488025842,-73.999534732,,Alive,https://www.inaturalist.org/observations/237839628
237372149,Eastern Mudsnail,2024-08-21 13:37:41-04:00,"Cape May, NJ 08204, USA",fishing_429,38.9452167997,-74.9018922,,,https://www.inaturalist.org/observations/237372149
237372139,Eastern Mudsnail,2024-08-21 13:37:32-04:00,"Cape May, NJ 08204, USA",fishing_429,38.9452076997,-74.9018889997,,Alive,https://www.inaturalist.org/observations/237372139
234730606,Eastern Mudsnail,2024-08-08,Bayshore Waterfront Park,rkluzco,40.4392717853,-74.0928000212,,,https://www.inaturalist.org/observations/234730606
234725935,Eastern Mudsnail,2024-08-08,"Port Monmouth, Middletown Township, NJ, USA",rkluzco,40.4392717853,-74.0928000212,,,https://www.inaturalist.org/observations/234725935
233545224,Eastern Mudsnail,2024-06-20 11:51:32-04:00,"Great Bay, Absecon, NJ, US",mhat,39.4937216667,-74.329895,,,https://www.inaturalist.org/observations/233545224
232522921,Eastern Mudsnail,2024-07-29 12:56:05-04:00,"Watson Creek, Manasquan, NJ, US",cooper6464,40.1173340521,-74.0349259337,,Alive,https://www.inaturalist.org/observations/232522921
232475635,Eastern Mudsnail,2024-07-27 20:09:45-04:00,"Seven Mile Beach, Avalon, NJ, US",ghend4,39.0740305,-74.7458033333,,Alive,https://www.inaturalist.org/observations/232475635
232290588,Eastern Mudsnail,2024-07-28 12:14:06-04:00,Highlands,willbpayne,40.407043457,-73.9882049561,,,https://www.inaturalist.org/observations/232290588
229422946,Eastern Mudsnail,2024-06-12 11:26:37-04:00,"Bayshore, Keansburg, NJ, US",gwt2102,40.4518283333,-74.1446445,Egg,,https://www.inaturalist.org/observations/229422946
228080375,Eastern Mudsnail,2024-07-02 06:54:00-04:00,"Middle Township, NJ, USA",mmmmbugs,39.0592033806,-74.7737883952,,Dead,https://www.inaturalist.org/observations/228080375
226697506,Eastern Mudsnail,2024-07-01 12:03:44-04:00,"Little Egg Harbor Township, NJ, USA",fishing_429,39.5640897997,-74.3416962,,,https://www.inaturalist.org/observations/226697506
225844839,Eastern Mudsnail,2024-06-04 14:11:00-04:00,"Seaside Park, NJ 08752, USA",adeczyn,39.924797,-74.079722,,,https://www.inaturalist.org/observations/225844839
225172651,Eastern Mudsnail,2024-06-25 11:49:31-04:00,"Stone Harbor, NJ 08247, USA",fishing_429,39.0425865997,-74.7713227997,,Unknown,https://www.inaturalist.org/observations/225172651
225020307,Eastern Mudsnail,2024-06-24 21:59:54-04:00,"Barnegat Bay, Seaside Park, NJ, US",levai,39.9362750027,-74.0795583333,,Alive,https://www.inaturalist.org/observations/225020307
224963987,Eastern Mudsnail,2024-06-24 16:45:45-04:00,"Cape May Court House, NJ 08210, USA",gparosenberg,39.11163063,-74.89263622,,,https://www.inaturalist.org/observations/224963987
224026829,Eastern Mudsnail,2024-06-20 14:20:44-04:00,"Long Beach Island, Long Beach Township, NJ, US",weavern,39.723658978,-74.1252400265,,,https://www.inaturalist.org/observations/224026829
223943614,Eastern Mudsnail,2024-06-12 12:50:53-04:00,"Brook Ave, Union Beach, NJ, US",gwt2102,40.448375,-74.1635195,,,https://www.inaturalist.org/observations/223943614
223891528,Eastern Mudsnail,2024-06-12 12:52:29-04:00,"Brook Ave, Union Beach, NJ, US",gwt2102,40.4480833333,-74.1641916667,,Dead,https://www.inaturalist.org/observations/223891528
223891168,Eastern Mudsnail,2024-06-12 12:52:29-04:00,"Brook Ave, Union Beach, NJ, US",gwt2102,40.4480833333,-74.1641916667,,Dead,https://www.inaturalist.org/observations/223891168
223791572,Eastern Mudsnail,2024-06-19 13:16:53-04:00,"NJ-52 N, Ocean City, NJ, US",w293766628_w,39.2855365815,-74.5809548169,,Alive,https://www.inaturalist.org/observations/223791572
223752991,Eastern Mudsnail,2024-06-19 10:02:06-04:00,"Raritan Bay, Highlands, NJ, US",suburban_witch,40.4700478392,-74.0142333468,,Alive,https://www.inaturalist.org/observations/223752991
223520786,Eastern Mudsnail,2024-06-12 12:53:19-04:00,"Brook Ave, Union Beach, NJ, US",gwt2102,40.4480833333,-74.1645138333,,Dead,https://www.inaturalist.org/observations/223520786
223173156,Eastern Mudsnail,2024-06-12 13:54:40-04:00,"Keyport, NJ, US",gwt2102,40.440705,-74.2075583333,,Dead,https://www.inaturalist.org/observations/223173156
223169494,Eastern Mudsnail,2024-06-12 13:57:02-04:00,"Keyport, NJ, US",gwt2102,40.43967,-74.2073533333,,Dead,https://www.inaturalist.org/observations/223169494
223166196,Eastern Mudsnail,2024-06-12 13:58:09-04:00,"Bayshore, Keyport, NJ, US",gwt2102,40.4395216667,-74.2072833333,,Dead,https://www.inaturalist.org/observations/223166196
223149509,Eastern Mudsnail,2024-06-12 14:01:21-04:00,"Bayshore, Keyport, NJ, US",gwt2102,40.439275,-74.2072666667,,Dead,https://www.inaturalist.org/observations/223149509
223143009,Eastern Mudsnail,2024-06-12 14:07:37-04:00,"Bayshore, Keyport, NJ, US",gwt2102,40.4388116667,-74.2080783333,,Dead,https://www.inaturalist.org/observations/223143009
222986212,Eastern Mudsnail,2024-06-15 14:43:36-04:00,United States,hunterrosen,40.7817172624,-74.0174657832,,Unknown,https://www.inaturalist.org/observations/222986212
222639049,Eastern Mudsnail,2024-06-12 14:16:22-04:00,"Keyport, NJ, US",gwt2102,40.4397966667,-74.20752,,,https://www.inaturalist.org/observations/222639049
222617911,Eastern Mudsnail,2024-06-12 14:17:42-04:00,"Keyport, NJ, US",gwt2102,40.4397083333,-74.2076116667,,,https://www.inaturalist.org/observations/222617911
222617697,Eastern Mudsnail,2024-06-12 14:19:22-04:00,"Bayshore, Keyport, NJ, US",gwt2102,40.439725,-74.207625,,,https://www.inaturalist.org/observations/222617697
222448155,Eastern Mudsnail,2024-06-12 14:23:40-04:00,"Keyport, NJ, US",gwt2102,40.44072,-74.2075666667,,Dead,https://www.inaturalist.org/observations/222448155
222419600,Eastern Mudsnail,2024-06-12 14:25:23-04:00,"Monmouth County, US-NJ, US",gwt2102,40.44132,-74.207595,,,https://www.inaturalist.org/observations/222419600
222348990,Eastern Mudsnail,2024-06-12 14:51:36-04:00,"NJ-35 N, South Amboy, NJ, US",gwt2102,40.4632,-74.2576366667,,,https://www.inaturalist.org/observations/222348990
222348798,Eastern Mudsnail,2024-06-12 14:54:25-04:00,"NJ-35 N, South Amboy, NJ, US",gwt2102,40.4627633333,-74.256675,,,https://www.inaturalist.org/observations/222348798
221909659,Eastern Mudsnail,2024-06-07 16:04:21-04:00,"Whale Creek, Atlantic Highlands, NJ, US",gwt2102,40.4515283333,-74.222755,,,https://www.inaturalist.org/observations/221909659
221392572,Eastern Mudsnail,2024-06-07 16:28:25-04:00,"Raritan Bay, Keyport, NJ, US",gwt2102,40.4536833333,-74.226395,,,https://www.inaturalist.org/observations/221392572
221321305,Eastern Mudsnail,2024-06-07 16:40:11-04:00,"Raritan Bay, Keyport, NJ, US",gwt2102,40.4535616667,-74.2271283333,,,https://www.inaturalist.org/observations/221321305
221320580,Eastern Mudsnail,2024-06-07 16:44:20-04:00,"Raritan Bay, Keyport, NJ, US",gwt2102,40.452825,-74.2283383333,,Dead,https://www.inaturalist.org/observations/221320580
221320176,Eastern Mudsnail,2024-06-07 16:46:52-04:00,"Raritan Bay, Keyport, NJ, US",gwt2102,40.452625,-74.227945,,,https://www.inaturalist.org/observations/221320176
220119106,Eastern Mudsnail,2024-06-02 17:52:32-04:00,"Sandy Hook, Middletown Township, NJ, USA",ninja23,40.41550495,-73.98182876,,Dead,https://www.inaturalist.org/observations/220119106
219915091,Eastern Mudsnail,2022-11-05 15:51:00-04:00,"Lower Township, NJ, USA",jodiboe,38.9625945971,-74.954898505,,Alive,https://www.inaturalist.org/observations/219915091
219816577,Eastern Mudsnail,2024-06-01 12:00:40-04:00,"Delaware Bay, Heislerville, NJ, US",rockyspop,39.19398,-75.0158916667,,Alive,https://www.inaturalist.org/observations/219816577
219343909,Eastern Mudsnail,2024-05-21 17:30:10-04:00,"N Beach Ave, Cape May Court House, NJ, US",mgochfeld,39.1272634509,-74.8923100996,,,https://www.inaturalist.org/observations/219343909
218020992,Eastern Mudsnail,2024-05-24 18:46:16-04:00,"Bayshore, Sayreville, NJ, US",arisingunder,40.47337,-74.2661366667,,Dead,https://www.inaturalist.org/observations/218020992
216807488,Eastern Mudsnail,2024-05-19 10:36:31-04:00,"Gateway National Recreation Area, Atlantic Highlands, NJ, US",crifket,40.4045116667,-73.9786616667,,,https://www.inaturalist.org/observations/216807488
216035715,Eastern Mudsnail,2024-05-15 13:23:33-04:00,"Seidler Beach, Keyport, NJ, US",gwt2102,40.4571916667,-74.236405,,,https://www.inaturalist.org/observations/216035715
215998249,Eastern Mudsnail,2024-05-15 13:35:28-04:00,"Seidler Beach, Keyport, NJ, US",gwt2102,40.456195,-74.2353533333,,Dead,https://www.inaturalist.org/observations/215998249
215997978,Eastern Mudsnail,2024-05-15 13:40:24-04:00,"Seidler Beach, Keyport, NJ, US",gwt2102,40.455525,-74.2344283333,,Dead,https://www.inaturalist.org/observations/215997978
215991168,Eastern Mudsnail,2024-05-15 14:00:53-04:00,"Seidler Beach, Keyport, NJ, US",gwt2102,40.4559583333,-74.2350833333,,,https://www.inaturalist.org/observations/215991168
215990431,Eastern Mudsnail,2024-05-15 14:08:23-04:00,"Seidler Beach, Keyport, NJ, US",gwt2102,40.45622,-74.235475,,,https://www.inaturalist.org/observations/215990431
215152143,Eastern Mudsnail,2024-05-09 15:02:00-04:00,"Sayreville, NJ, USA",mmccarthy98,40.473461364,-74.2659063719,,,https://www.inaturalist.org/observations/215152143
207478865,Eastern Mudsnail,2024-04-15 15:30:32-04:00,"Gateway National Recreation Area, Highlands, NJ, US",marissa_mmi,40.4489966667,-74.0005333333,,Alive,https://www.inaturalist.org/observations/207478865
207288415,Eastern Mudsnail,2024-04-14 09:44:33-04:00,"Little Egg Harbor Township, NJ 08087, USA",jmole,39.5090629997,-74.3209497997,,,https://www.inaturalist.org/observations/207288415
206877812,Eastern Mudsnail,2023-08-14 12:46:00-04:00,"Ocean Twp, NJ, USA",johnnysap,39.7862828654,-74.1091460676,,Alive,https://www.inaturalist.org/observations/206877812
203946876,Eastern Mudsnail,2024-03-25 11:02:48-04:00,"Ocean Twp, NJ, USA",fishing_429,39.7668718997,-74.1919033,,,https://www.inaturalist.org/observations/203946876
203945659,Eastern Mudsnail,2024-03-21 11:45:17-04:00,"Point Pleasant Beach, NJ 08742, USA",fishing_429,40.1006781997,-74.0490039997,,,https://www.inaturalist.org/observations/203945659
203138738,Eastern Mudsnail,2024-03-19 15:04:25-04:00,"Fair Haven Rd, Fair Haven, NJ, US",victoria_slavov,40.3679143866,-74.0384983191,,,https://www.inaturalist.org/observations/203138738
201506952,Eastern Mudsnail,2024-03-06 15:27:38-05:00,"William Morrow Beach, Somers Point, NJ, US",michaelnj,39.3112405674,-74.5926693366,,,https://www.inaturalist.org/observations/201506952
201311625,Eastern Mudsnail,2024-03-03 13:24:00-05:00,"Little Egg Harbor Township, NJ 08087, USA",fishing_429,39.5567516997,-74.338942,,,https://www.inaturalist.org/observations/201311625
201040362,Eastern Mudsnail,2024-02-28 15:56:00-05:00,"Old Bridge, NJ, USA",srall,40.4617020083,-74.2519355202,,,https://www.inaturalist.org/observations/201040362
200737536,Eastern Mudsnail,2024-02-28 12:38:43-05:00,"Bayshore Waterfront Park, Atlantic Highlands, NJ, US",rubymoonbeams,40.4408476798,-74.0937874774,,,https://www.inaturalist.org/observations/200737536
200737288,Eastern Mudsnail,2024-02-19 12:39:00-05:00,"Bayshore Waterfront Park, Port Monmouth, NJ, US",rubymoonbeams,40.4403421647,-74.0925420218,,,https://www.inaturalist.org/observations/200737288
199699583,Eastern Mudsnail,2024-02-18 12:10:28-05:00,"Gardners Basin, Atlantic City, NJ, US",profishing,39.372455,-74.4204783333,,,https://www.inaturalist.org/observations/199699583
199699515,Eastern Mudsnail,2024-02-18 12:12:15-05:00,"Gardners Basin, Atlantic City, NJ, US",profishing,39.3724583333,-74.4204716667,,,https://www.inaturalist.org/observations/199699515
199004592,Eastern Mudsnail,2024-02-10 12:48:00-05:00,"Horseshoe Cove, Middletown Township, NJ, USA",nilshelstrom,40.4411963,-73.9962255,,Dead,https://www.inaturalist.org/observations/199004592
195397131,Eastern Mudsnail,2023-12-25 15:04:00-05:00,"Seaside Park, NJ 08752, USA",adeczyn,39.925161,-74.074514,,Dead,https://www.inaturalist.org/observations/195397131
194552009,Eastern Mudsnail,2023-10-02 14:27:31-04:00,"Wells Island, Tuckerton, NJ, US",cricket-loramei,39.5402836565,-74.3928917151,,Alive,https://www.inaturalist.org/observations/194552009
194249766,Eastern Mudsnail,2023-10-28 11:23:10-04:00,"Gateway National Recreation Area, Atlantic Highlands, NJ, US",laura18830,40.407355,-73.97608,,,https://www.inaturalist.org/observations/194249766
193688309,Eastern Mudsnail,2023-10-28 12:49:48-04:00,"Gateway National Recreation Area, Atlantic Highlands, NJ, US",nicole43583,40.405525,-73.9802083333,,,https://www.inaturalist.org/observations/193688309
191856938,Eastern Mudsnail,2023-11-23 11:37:34-05:00,"Harvey Cedars, NJ 08008, USA",drosera21,39.5108721737,-74.2903705314,,,https://www.inaturalist.org/observations/191856938
191856367,Eastern Mudsnail,2023-11-23 11:38:02-05:00,"Long Beach, NJ, USA",d0ugh0ck,39.5136916667,-74.287525,,Unknown,https://www.inaturalist.org/observations/191856367
190720971,Eastern Mudsnail,2023-11-11 16:40:08-05:00,"Wildwood Beach, Wildwood, NJ, US",a-blaylock,38.9810216667,-74.8112716667,,,https://www.inaturalist.org/observations/190720971
189270667,Eastern Mudsnail,2023-10-28 12:48:54-04:00,"Gateway National Recreation Area, Atlantic Highlands, NJ, US",ggoya,40.4055283333,-73.980225,,,https://www.inaturalist.org/observations/189270667
189256196,Eastern Mudsnail,2023-10-28 14:34:18-04:00,"Middletown Township, NJ, USA",rkluzco,40.44821888,-73.99777508,,,https://www.inaturalist.org/observations/189256196
189254336,Eastern Mudsnail,2023-10-28 14:17:33-04:00,"Sandy Hook, Middletown Township, NJ, USA",rkluzco,40.44845121,-73.99831698,,,https://www.inaturalist.org/observations/189254336
189247660,Eastern Mudsnail,2023-10-28 12:48:55-04:00,"Gateway National Recreation Area, Atlantic Highlands, NJ, US",mms464,40.405575,-73.9802166667,,,https://www.inaturalist.org/observations/189247660
189245106,Eastern Mudsnail,2023-10-28 12:49:09-04:00,"Seadrift Ave, Highlands, NJ, US",dregomu,40.4054473713,-73.9801732265,,,https://www.inaturalist.org/observations/189245106
189244532,Eastern Mudsnail,2023-10-28 12:49:12-04:00,"Gateway National Recreation Area, Atlantic Highlands, NJ, US",diana1157,40.405525,-73.9802083333,,,https://www.inaturalist.org/observations/189244532
189244244,Eastern Mudsnail,2023-10-28 12:48:57-04:00,"Sandy Hook, Middletown Township, NJ, USA",zyroreborn,40.4055246,-73.9802176,,,https://www.inaturalist.org/observations/189244244
188210964,Eastern Mudsnail,2023-10-19 16:01:26-04:00,United States,drosera21,39.717715127,-74.142130048,,,https://www.inaturalist.org/observations/188210964
188195377,Eastern Mudsnail,2023-10-19 16:01:26-04:00,"Lanoka Harbor, NJ 08734, USA",d0ugh0ck,39.7729833333,-74.1019777778,,,https://www.inaturalist.org/observations/188195377
186910912,Eastern Mudsnail,2023-10-09 16:47:58-04:00,"Seven Mile Beach, Stone Harbor, NJ, US",riverahlquist,39.0367583333,-74.7692033333,,,https://www.inaturalist.org/observations/186910912
186910876,Eastern Mudsnail,2023-10-09 16:48:02-04:00,"Seven Mile Beach, Stone Harbor, NJ, US",riverahlquist,39.0342055,-74.770155,,,https://www.inaturalist.org/observations/186910876
185858691,Eastern Mudsnail,2023-09-30 14:04:48-04:00,"Sandy Hook, Middletown Township, NJ, USA",gkirchhoff32,40.4273514291,-73.987095505,,,https://www.inaturalist.org/observations/185858691
185809397,Eastern Mudsnail,2023-10-01 17:39:50-04:00,"Newport, NJ, US",scleap,39.2776333333,-75.242875,,Unknown,https://www.inaturalist.org/observations/185809397
183648431,Eastern Mudsnail,2023-09-16 15:07:00-04:00,"Great Bay Blvd, West Creek, NJ, US",gwt2102,39.5091533333,-74.3202216667,,,https://www.inaturalist.org/observations/183648431
183601988,Eastern Mudsnail,2023-09-16 15:34:34-04:00,"West Creek, NJ, US",gwt2102,39.5087583333,-74.3219133333,,Dead,https://www.inaturalist.org/observations/183601988
179883737,Eastern Mudsnail,2023-08-23 09:38:07-04:00,"Barnegat Bay, Ocean Gate, NJ, US",robincmclean,39.7863966667,-74.1000221667,,,https://www.inaturalist.org/observations/179883737
178762133,Eastern Mudsnail,2023-08-16 13:12:45-04:00,"Stone Harbor Blvd, Stone Harbor, NJ, US",sjbradley,39.0577361667,-74.7752083333,,Alive,https://www.inaturalist.org/observations/178762133
178513476,Eastern Mudsnail,2023-08-14 13:19:53-04:00,"Barnegat Bay, Ocean Gate, NJ, US",laurenhallden,39.7747283333,-74.1047221667,,,https://www.inaturalist.org/observations/178513476
177070178,Eastern Mudsnail,2023-08-06 19:07:54-04:00,"Raritan Bay, Keyport, NJ, US",jdeepan99,40.4531706171,-74.2272751686,,Alive,https://www.inaturalist.org/observations/177070178
175738110,Eastern Mudsnail,2023-07-30 10:29:51-04:00,"Beach Ave, Cape May, NJ, US",frankiejuggles,39.0190611667,-74.9478216667,,,https://www.inaturalist.org/observations/175738110
175652594,Eastern Mudsnail,2023-07-28 13:57:00-04:00,"Ocean Twp, NJ, USA",allentherush,39.7856777778,-74.0987194444,,,https://www.inaturalist.org/observations/175652594
173821881,Eastern Mudsnail,2023-07-19 10:09:05-04:00,"Island Beach State Park, Ocean Gate, NJ, US",gwt2102,39.85365,-74.0895695,,,https://www.inaturalist.org/observations/173821881
172444720,Eastern Mudsnail,2023-06-06 15:51:00-04:00,"Sandy Hook, Middletown Township, NJ, USA",adeczyn,40.41535,-73.98179,,,https://www.inaturalist.org/observations/172444720
171281405,Eastern Mudsnail,2023-07-05 11:55:01-04:00,"Stites Creek, Wildwood, NJ, US",jenngrieser,38.9995783333,-74.8574133333,,,https://www.inaturalist.org/observations/171281405
171134815,Eastern Mudsnail,2023-06-01 10:06:00-04:00,"Cumberland County, US-NJ, US",vittillane,39.2029004636,-74.9940262061,,,https://www.inaturalist.org/observations/171134815
171134810,Eastern Mudsnail,2023-06-01 10:04:00-04:00,"Maurice River, NJ, USA",vittillane,39.2029107573,-74.9940333952,,,https://www.inaturalist.org/observations/171134810
171066314,Eastern Mudsnail,2023-07-03 12:30:18-04:00,"Ocean City, NJ, USA",fishing_429,39.2172991997,-74.6478591997,,,https://www.inaturalist.org/observations/171066314
170950544,Eastern Mudsnail,2023-07-02 18:12:28-04:00,"Avalon, NJ 08202, USA",mmmmbugs,39.1043916667,-74.7064111111,,Dead,https://www.inaturalist.org/observations/170950544
170667698,Eastern Mudsnail,2023-07-02 11:42:51-04:00,"Cape May County, NJ, USA",lindsay540,39.0248183384,-74.9453730136,,Alive,https://www.inaturalist.org/observations/170667698
168692064,Eastern Mudsnail,2023-06-20 18:01:42-04:00,"Spermaceti Cove, Highlands, NJ, US",gwt2102,40.4285966667,-73.9910716667,,,https://www.inaturalist.org/observations/168692064
168534524,Eastern Mudsnail,2023-06-18 13:35:53-04:00,"Horseshoe Cove, Highlands, NJ, US",polarblairx,40.448445,-73.99803,,,https://www.inaturalist.org/observations/168534524
166666186,Eastern Mudsnail,2023-06-10 16:43:17-04:00,"Dock St, West Creek, NJ, US",evang903,39.609710805,-74.2945102684,,,https://www.inaturalist.org/observations/166666186
164514142,Eastern Mudsnail,2023-05-29 11:05:51-04:00,"West Creek, NJ, US",paul_dennehy,39.508495,-74.3220216667,,,https://www.inaturalist.org/observations/164514142
164455089,Eastern Mudsnail,2023-05-29 12:04:40-04:00,"Delaware Bay, Cape May, NJ, US",jerseysheller,39.033725,-74.939545,,Alive,https://www.inaturalist.org/observations/164455089
163677786,Eastern Mudsnail,2023-05-25 09:17:47-04:00,Gateway National Recreation Area,mark2085,40.4397134945,-73.9884966239,,,https://www.inaturalist.org/observations/163677786
162333988,Eastern Mudsnail,2023-05-18 13:06:24-04:00,Cape May,gavinwagner,39.1086273193,-74.8934631348,,,https://www.inaturalist.org/observations/162333988
162080959,Eastern Mudsnail,2023-05-08 09:46:10-04:00,"Island Beach State Park, Ocean Gate, NJ, US",gwt2102,39.8536033333,-74.0895778333,,,https://www.inaturalist.org/observations/162080959
161739214,Eastern Mudsnail,2023-05-08 11:14:30-04:00,"Barnegat Bay, Ocean Gate, NJ, US",gwt2102,39.78955,-74.0975195,,,https://www.inaturalist.org/observations/161739214
161015611,Eastern Mudsnail,2023-05-08 15:33:22-04:00,"Great Bay Blvd, West Creek, NJ, US",gwt2102,39.5091666667,-74.3199616667,,Dead,https://www.inaturalist.org/observations/161015611
161015188,Eastern Mudsnail,2023-05-08 15:38:11-04:00,"Great Bay Blvd, West Creek, NJ, US",gwt2102,39.5091383333,-74.3199833333,,,https://www.inaturalist.org/observations/161015188
161014005,Eastern Mudsnail,2023-05-08 15:48:17-04:00,"Great Bay Blvd, West Creek, NJ, US",gwt2102,39.509005,-74.3204583333,,,https://www.inaturalist.org/observations/161014005
160989209,Eastern Mudsnail,2023-05-07 16:42:44-04:00,"Old Bridge, NJ, USA",cris720,40.4527293,-74.2232008997,,Alive,https://www.inaturalist.org/observations/160989209
157807790,Eastern Mudsnail,2023-04-05 12:01:41-04:00,"Delaware Bay, Cape May, NJ, US",jlayman,39.1034560179,-74.8953332541,,Alive,https://www.inaturalist.org/observations/157807790
156751520,Eastern Mudsnail,2023-04-26 12:19:03-04:00,"Morris Beach, Somers Point, NJ, US",michaelnj,39.3046983378,-74.6204140038,,,https://www.inaturalist.org/observations/156751520
154750753,Eastern Mudsnail,2023-04-13 17:20:59-04:00,"Barnegat Township, NJ, USA",baileysanders,39.7516388889,-74.1903861111,,Alive,https://www.inaturalist.org/observations/154750753
154279546,Eastern Mudsnail,2023-04-07 14:16:32-04:00,Gull Island,mark2085,40.1028922649,-74.0454147756,,Alive,https://www.inaturalist.org/observations/154279546
154279341,Eastern Mudsnail,2023-04-07 14:16:14-04:00,Gull Island,mark2085,40.1028922649,-74.0454147756,,,https://www.inaturalist.org/observations/154279341
154279017,Eastern Mudsnail,2023-04-07 14:11:57-04:00,Gull Island,mark2085,40.1028922649,-74.0454147756,,Alive,https://www.inaturalist.org/observations/154279017
154278691,Eastern Mudsnail,2023-04-07 14:11:55-04:00,Gull Island,mark2085,40.1028922649,-74.0454147756,,Alive,https://www.inaturalist.org/observations/154278691
154149724,Eastern Mudsnail,2023-04-09 15:14:00-04:00,"Barnegat Bay, Mantoloking, NJ, US",nature_donovan,39.9845962438,-74.0696671379,,,https://www.inaturalist.org/observations/154149724
154009077,Eastern Mudsnail,2023-04-07 13:29:37-04:00,Gull Island,mark2085,40.1028922649,-74.0454147756,,,https://www.inaturalist.org/observations/154009077
154008682,Eastern Mudsnail,2023-04-07 13:27:23-04:00,Gull Island,mark2085,40.1028922649,-74.0454147756,,,https://www.inaturalist.org/observations/154008682
152772123,Eastern Mudsnail,2023-03-26 17:07:29-04:00,"Intracoastal Waterway, Cape May, NJ, US",jlayman,38.9663590361,-74.9402667527,,Alive,https://www.inaturalist.org/observations/152772123
152545566,Eastern Mudsnail,2023-03-09 14:26:00-05:00,"Avalon, NJ 08202, USA",cecildomyiidae,39.107125,-74.704775,,,https://www.inaturalist.org/observations/152545566
152102664,Ilyanassa obsoleta,2023-03-23 13:22:00-04:00,"Leonardo, Middletown Township, NJ 07737, USA",srall,40.4229659255,-74.0597771699,,,https://www.inaturalist.org/observations/152102664
152102649,Ilyanassa obsoleta,2023-03-23 13:20:00-04:00,"Leonardo, Middletown Township, NJ 07737, USA",srall,40.4229659255,-74.0597771699,,,https://www.inaturalist.org/observations/152102649
151324555,Ilyanassa obsoleta,2023-03-16 11:09:00-04:00,"Atlantic City, NJ, USA",davidenrique,39.3494888889,-74.4468722222,,,https://www.inaturalist.org/observations/151324555
151008345,Ilyanassa obsoleta,2023-01-05 12:51:32-05:00,"Sandy Hook, Middletown Township, NJ, USA",hydrophilus,40.424916,-73.9841969722,,,https://www.inaturalist.org/observations/151008345
150441410,Eastern Mudsnail,2023-03-06 15:03:00-05:00,"Sayreville, NJ, USA",srall,40.479326615,-74.2684842769,,,https://www.inaturalist.org/observations/150441410
150427144,Eastern Mudsnail,2023-03-06 13:53:12-05:00,"Sayreville, NJ, USA",srall,40.4791883215,-74.2676875908,,,https://www.inaturalist.org/observations/150427144
145710996,Eastern Mudsnail,2022-12-30 10:40:38-05:00,"Upper New York Bay, Jersey City, NJ, US",edropkin,40.6942333333,-74.0656888333,,,https://www.inaturalist.org/observations/145710996
145585367,Eastern Mudsnail,2023-01-01 11:14:24-05:00,"Higbee Ave, Somers Point, NJ, US",michaelnj,39.3112888508,-74.5924927537,,,https://www.inaturalist.org/observations/145585367
144991325,Eastern Mudsnail,2022-11-02 12:22:56-04:00,"Newport, NJ, US",j_ecy,39.279195,-75.2424916667,,,https://www.inaturalist.org/observations/144991325
144638250,Eastern Mudsnail,2022-12-18 20:06:39-05:00,"Longport-Somers Point Blvd, Somers Point, NJ, US",michaelnj,39.3132502288,-74.5611700124,,,https://www.inaturalist.org/observations/144638250
143816742,Eastern Mudsnail,2022-05-27 11:31:59-04:00,Sea Isle City,tobias365,39.1534431701,-74.6929385886,Adult,Alive,https://www.inaturalist.org/observations/143816742
142317534,Eastern Mudsnail,2022-11-18 14:39:00-05:00,Island Beach State Park ,sweiss243,39.9010560267,-74.0784767637,,Dead,https://www.inaturalist.org/observations/142317534
142317455,Eastern Mudsnail,2022-11-18 14:38:00-05:00,Island Beach State Park ,sweiss243,39.9009970593,-74.0785167608,,Dead,https://www.inaturalist.org/observations/142317455
142007761,Eastern Mudsnail,2022-10-30,Barnegat Bay,mavenmercado,39.8675842792,-74.1122507304,,,https://www.inaturalist.org/observations/142007761
139191135,Eastern Mudsnail,2022-10-16 14:43:25-04:00,"Berkeley Township, NJ, USA",kaykat523,39.7890487184,-74.0984544531,Adult,Alive,https://www.inaturalist.org/observations/139191135
138371723,Eastern Mudsnail,2022-10-08 13:04:38-04:00,"Horseshoe Cove, Highlands, NJ, US",gwt2102,40.4321783333,-73.9937966667,,Alive,https://www.inaturalist.org/observations/138371723
138308261,Eastern Mudsnail,2022-10-10 13:44:00-04:00,"Old Bridge, NJ, USA",geosesarma,40.4531981324,-74.2296162539,,,https://www.inaturalist.org/observations/138308261
138195151,Eastern Mudsnail,2022-10-09 16:29:39-04:00,"Cape May County, NJ, USA",ali_interprets,39.0592642,-74.7486755,,Dead,https://www.inaturalist.org/observations/138195151
138154611,Eastern Mudsnail,2022-10-09 10:09:24-04:00,"Avalon, NJ 08202, USA",ali_interprets,39.0649709722,-74.749261,,Dead,https://www.inaturalist.org/observations/138154611
138031829,Eastern Mudsnail,2022-10-08 15:39:30-04:00,"82nd St Beach, Stone Harbor, NJ 08247, USA",ali_interprets,39.0617143997,-74.7470622,,Dead,https://www.inaturalist.org/observations/138031829
138031430,Eastern Mudsnail,2022-10-08 15:37:27-04:00,"82nd St Beach, Stone Harbor, NJ 08247, USA",ali_interprets,39.0616200997,-74.7471134997,,Dead,https://www.inaturalist.org/observations/138031430
138028819,Eastern Mudsnail,2022-10-08 15:28:25-04:00,"82nd St Beach, Stone Harbor, NJ 08247, USA",ali_interprets,39.0616367,-74.7472175997,,Unknown,https://www.inaturalist.org/observations/138028819
138027953,Eastern Mudsnail,2022-10-08 15:25:12-04:00,"82nd St Beach, Stone Harbor, NJ 08247, USA",ali_interprets,39.0614549,-74.7472932,,Dead,https://www.inaturalist.org/observations/138027953
137696233,Eastern Mudsnail,2022-10-05 09:56:00-04:00,"Villas, Lower Township, NJ, USA",dpdawes,39.0172320185,-74.9410242314,,Alive,https://www.inaturalist.org/observations/137696233
136989641,Eastern Mudsnail,2022-09-26 15:55:22-04:00,"Gateway National Recreation Area, Highlands, NJ, US",gwt2102,40.4154333333,-73.9820633333,,Dead,https://www.inaturalist.org/observations/136989641
136985885,Eastern Mudsnail,2022-09-29 16:48:25-04:00,"Sayreville, NJ, USA",caoraesque,40.4790797918,-74.267636463,,Alive,https://www.inaturalist.org/observations/136985885
136910113,Eastern Mudsnail,2022-09-26 16:11:34-04:00,"Gateway National Recreation Area, Highlands, NJ, US",gwt2102,40.4158783333,-73.9824133333,,Dead,https://www.inaturalist.org/observations/136910113
136910069,Eastern Mudsnail,2022-09-26 16:14:42-04:00,"Gateway National Recreation Area, Highlands, NJ, US",gwt2102,40.4159383333,-73.9824666667,,Dead,https://www.inaturalist.org/observations/136910069
136909747,Eastern Mudsnail,2022-09-26 16:22:43-04:00,"Gateway National Recreation Area, Highlands, NJ, US",gwt2102,40.4162533333,-73.982895,,Dead,https://www.inaturalist.org/observations/136909747
136879741,Eastern Mudsnail,2022-09-26 16:55:15-04:00,"Gateway National Recreation Area, Highlands, NJ, US",gwt2102,40.4180833333,-73.9855583333,,Dead,https://www.inaturalist.org/observations/136879741
136802603,Eastern Mudsnail,2022-09-26 17:32:07-04:00,"Gateway National Recreation Area, Highlands, NJ, US",gwt2102,40.4196866667,-73.9873283333,,,https://www.inaturalist.org/observations/136802603
136525758,Eastern Mudsnail,2022-09-25 22:09:02-04:00,"Peck Beach, Ocean City, NJ, US",macneal,39.2829447027,-74.5573916995,,Dead,https://www.inaturalist.org/observations/136525758
136524549,Eastern Mudsnail,2022-09-25 21:55:37-04:00,"Peck Beach, Ocean City, NJ, US",macneal,39.2897863995,-74.5524613754,,Dead,https://www.inaturalist.org/observations/136524549
136511758,Eastern Mudsnail,2022-09-25 15:47:00-04:00,"Sandy Hook, Middletown Township, NJ, USA",danielmorton,40.4273284101,-73.9871612299,,Alive,https://www.inaturalist.org/observations/136511758
134521615,Eastern Mudsnail,2022-09-10 14:24:22-04:00,"Gateway National Recreation Area, Highlands, NJ, US",willbpayne,40.4055102116,-73.9807863209,,,https://www.inaturalist.org/observations/134521615
133606425,Eastern Mudsnail,2022-09-04 09:38:55-04:00,"Cape May Harbor, Cape May, NJ, US",meg355,38.9449314716,-74.9019406984,,Alive,https://www.inaturalist.org/observations/133606425
132470938,Eastern Mudsnail,2022-08-26 17:49:32-04:00,Cape May,mark2085,38.9351861932,-74.9060055614,,Alive,https://www.inaturalist.org/observations/132470938
131810687,Eastern Mudsnail,2022-08-21 18:43:36-04:00,Monmouth County,nerdgirl724,40.1581497192,-74.010597229,,,https://www.inaturalist.org/observations/131810687
130812364,Eastern Mudsnail,2022-08-13 16:43:33-04:00,"Delaware Bay, Cape May, NJ, US",mgarvey,39.0918916667,-74.9000166667,,,https://www.inaturalist.org/observations/130812364
130428497,Eastern Mudsnail,2022-08-11 17:23:09-04:00,"Delaware Ave, Cape May, NJ, US",natare-naturae,39.0391361667,-74.9362033333,,,https://www.inaturalist.org/observations/130428497
130265014,Eastern Mudsnail,2022-08-10 13:03:51-04:00,"Spermaceti Cove, Highlands, NJ, US",elhamh,40.4299971275,-73.9932215866,,,https://www.inaturalist.org/observations/130265014
128128992,Eastern Mudsnail,2022-07-27 07:44:29-04:00,"Little Egg Harbor, Beach Haven, NJ, US",mikeallegrezza,39.54995,-74.253905,,,https://www.inaturalist.org/observations/128128992
127748512,Eastern Mudsnail,2022-07-15 11:34:26-04:00,"Bayshore Waterfront Park, Port Monmouth, NJ, US",rubymoonbeams,40.4408866667,-74.0939555,,Dead,https://www.inaturalist.org/observations/127748512
124799205,Eastern Mudsnail,2022-07-04 14:02:43-04:00,"Avalon, NJ 08202, USA",mmmmbugs,39.1037694444,-74.7073361111,,Dead,https://www.inaturalist.org/observations/124799205
123669226,Eastern Mudsnail,2022-06-26 09:55:00-04:00,"Raritan Bay, South Amboy, NJ, US",urbannats,40.485128332,-74.2737532949,,Alive,https://www.inaturalist.org/observations/123669226
122222242,Eastern Mudsnail,2022-06-17 18:05:29-04:00,"Middletown Township, NJ, USA",ninja23,40.41522521,-73.9819637,,Dead,https://www.inaturalist.org/observations/122222242
122060764,Eastern Mudsnail,2022-06-16 14:37:41-04:00,"Cape May Harbor, Cape May, NJ, US",bradleybugman,38.9454166667,-74.9000166667,,Alive,https://www.inaturalist.org/observations/122060764
122059565,Eastern Mudsnail,2022-06-16 14:46:39-04:00,"Cape May Harbor, Cape May, NJ, US",mob-critters,38.9454166667,-74.8999033333,,Alive,https://www.inaturalist.org/observations/122059565
121444109,Eastern Mudsnail,2022-06-12 13:18:49-04:00,"Maurice River, NJ 08324, USA",johncanoles,39.19417125,-75.015972,,Alive,https://www.inaturalist.org/observations/121444109
121355075,Eastern Mudsnail,2022-06-11 18:04:20-04:00,"Sandy Hook, Middletown Township, NJ, USA",pirateninjas,40.4487527778,-74.0000861111,,Alive,https://www.inaturalist.org/observations/121355075
119929161,Eastern Mudsnail,2022-05-29 15:13:55-04:00,"CR-655, Cape May, NJ, US",mgochfeld,39.1129618148,-74.8833137986,,Dead,https://www.inaturalist.org/observations/119929161
119757287,Eastern Mudsnail,2022-06-01 13:07:22-04:00,Ocean Gate,stephspero211,39.861541748,-74.1416473389,,Dead,https://www.inaturalist.org/observations/119757287
119754690,Eastern Mudsnail,2022-06-01 12:47:36-04:00,"Ocean County, US-NJ, US",stephspero211,39.8614082336,-74.1421966553,,Dead,https://www.inaturalist.org/observations/119754690
119313361,Eastern Mudsnail,2022-05-29 16:58:26-04:00,"Raritan Bay, Highlands, NJ, US",hherhold,40.4104925227,-73.980468521,,,https://www.inaturalist.org/observations/119313361
119307147,Eastern Mudsnail,2022-05-29 14:30:00-04:00,"Barnegat Bay, Lavallette, NJ, US",deetsanimals,39.9613702037,-74.0779193972,,Alive,https://www.inaturalist.org/observations/119307147
118926514,Eastern Mudsnail,2022-05-27 11:17:06-04:00,"Lanoka Harbor, NJ 08734, USA",gparosenberg,39.78847285,-74.09722562,,Alive,https://www.inaturalist.org/observations/118926514
115960240,Eastern Mudsnail,2022-04-14 14:39:47-04:00,Reeds Beach,christine128,39.116908647,-74.8909664154,,Alive,https://www.inaturalist.org/observations/115960240
114831296,Eastern Mudsnail,2022-05-02 15:45:23-04:00,"Delaware Bay, Cape May, NJ, US",grnmtn,39.0320771467,-74.9404995237,,Alive,https://www.inaturalist.org/observations/114831296
112920271,Eastern Mudsnail,2022-04-24 15:53:00-04:00,"Gateway National Recreation Area - Sandy Hook, Atlantic Highlands, NJ, US",tesgeorge,40.4486053273,-73.9992838165,,Alive,https://www.inaturalist.org/observations/112920271
111436954,Eastern Mudsnail,2022-04-14 14:10:13-04:00,"Middle Township, NJ, USA",steve1295,39.11380337,-74.89233589,,Alive,https://www.inaturalist.org/observations/111436954
110575902,Eastern Mudsnail,2022-04-02 16:47:00-04:00,"Brigantine, NJ 08203, USA",tnolan,39.3804718968,-74.4128707916,,Dead,https://www.inaturalist.org/observations/110575902
110205431,Eastern Mudsnail,2022-04-02 14:26:05-04:00,"Sayreville, NJ, USA",caoraesque,40.4776467885,-74.2668753862,,Alive,https://www.inaturalist.org/observations/110205431
108473854,Eastern Mudsnail,2022-03-12 17:31:05-05:00,"Wildwood Crest Beach, Cape May, NJ, US",dmarullo,38.9656207389,-74.8355780348,,Dead,https://www.inaturalist.org/observations/108473854
106648594,Eastern Mudsnail,2022-02-12 10:35:00-05:00,"Middletown Township, NJ, USA",jerseysheller,40.4463499722,-74.1148305556,,Dead,https://www.inaturalist.org/observations/106648594
103901725,Eastern Mudsnail,2021-12-29 12:30:39-05:00,"Cape Island, Cape May, NJ, US",melissalaurino,38.9360416667,-74.8947533333,,Dead,https://www.inaturalist.org/observations/103901725
103549723,Eastern Mudsnail,2021-10-14 10:45:00-04:00,"Sandy Hook, Middletown Township, NJ, USA",nilshelstrom,40.4701861694,-74.0139556838,Adult,Alive,https://www.inaturalist.org/observations/103549723
102872938,Eastern Mudsnail,2021-12-11 08:25:24-05:00,"Laurence Harbor, NJ 08879, USA",caoraesque,40.4756404304,-74.2666038126,,Dead,https://www.inaturalist.org/observations/102872938
102771187,Eastern Mudsnail,2021-12-04 12:33:42-05:00,"Gateway National Recreation Area - Sandy Hook, Highlands, NJ, US",aminaima,40.4086916667,-73.9809033333,,,https://www.inaturalist.org/observations/102771187
102748589,Eastern Mudsnail,2021-12-04 12:33:15-05:00,"Gateway National Recreation Area - Sandy Hook, Highlands, NJ, US",aia42,40.4086883333,-73.9809033333,,,https://www.inaturalist.org/observations/102748589
102636152,Eastern Mudsnail,2021-12-04 12:33:24-05:00,"Gateway National Recreation Area - Sandy Hook, Highlands, NJ, US",ang19e,40.4086916667,-73.98092,,,https://www.inaturalist.org/observations/102636152
102569158,Eastern Mudsnail,2021-12-04 12:33:10-05:00,"Gateway National Recreation Area - Sandy Hook, Highlands, NJ, US",jumaaktar,40.408675,-73.9809033333,,,https://www.inaturalist.org/observations/102569158
102547072,Eastern Mudsnail,2021-12-04 12:33:15-05:00,"Gateway National Recreation Area - Sandy Hook, Highlands, NJ, US",josephhar,40.4086883333,-73.98092,,,https://www.inaturalist.org/observations/102547072
102542442,Eastern Mudsnail,2021-12-04 12:34:00-05:00,"Gateway National Recreation Area - Sandy Hook, Highlands, NJ, US",blessing2,40.408675,-73.9809033333,,Alive,https://www.inaturalist.org/observations/102542442
102479049,Eastern Mudsnail,2021-12-04 12:33:17-05:00,"Raritan Bay, Highlands, NJ, US",lissamero1697,40.4033583333,-73.984025,,,https://www.inaturalist.org/observations/102479049
102476185,Eastern Mudsnail,2021-12-04 12:33:55-05:00,"Gateway National Recreation Area - Sandy Hook, Highlands, NJ, US",petery333,40.4086864496,-73.9809155093,,,https://www.inaturalist.org/observations/102476185
102476167,Eastern Mudsnail,2021-12-04 12:33:29-05:00,"Raritan Bay, Highlands, NJ, US",ohassan7,40.4087715282,-73.9816010317,,,https://www.inaturalist.org/observations/102476167
102476159,Eastern Mudsnail,2021-12-04 12:33:12-05:00,"Gateway National Recreation Area - Sandy Hook, Highlands, NJ, US",yasinetahrani123,40.4086116667,-73.9809333333,,Alive,https://www.inaturalist.org/observations/102476159
101272713,Eastern Mudsnail,2021-11-16 12:53:45-05:00,"Cape May Court House, NJ 08210, USA",audaxthehuman,39.10393892,-74.89529124,,Alive,https://www.inaturalist.org/observations/101272713
101191812,Eastern Mudsnail,2021-05-23 15:25:00-04:00,"Middle Township, NJ, USA",jerseysheller,39.1048916389,-74.8949805278,Adult,Alive,https://www.inaturalist.org/observations/101191812
100591107,Eastern Mudsnail,2021-11-07 14:34:00-05:00,"Perth Amboy, NJ, USA",srall,40.5095970059,-74.2889161162,,Dead,https://www.inaturalist.org/observations/100591107
98997918,Ilyanassa obsoleta,2021-10-22 13:45:45-04:00,"Ideal Beach, Keansburg, NJ, US",max-bursack,40.4467974353,-74.1192624321,,Dead,https://www.inaturalist.org/observations/98997918
98410308,Ilyanassa obsoleta,2021-10-14 10:46:00-04:00,"Sandy Hook, Middletown Township, NJ, USA",nilshelstrom,40.4699249882,-74.0125823928,Adult,Alive,https://www.inaturalist.org/observations/98410308
97384779,Eastern Mudsnail,2021-09-29 09:47:00-04:00,"Cape May County, NJ, USA",nilshelstrom,38.9507249575,-74.9673004593,,Dead,https://www.inaturalist.org/observations/97384779
96607738,Eastern Mudsnail,2021-09-29 09:18:32+00:00,"South Amboy, NJ, USA",caoraesque,40.4793128846,-74.270047769,,Dead,https://www.inaturalist.org/observations/96607738
96600287,Eastern Mudsnail,2021-09-29 09:10:45-04:00,"South Amboy, NJ, USA",caoraesque,40.4793128846,-74.270047769,,Dead,https://www.inaturalist.org/observations/96600287
95824584,Eastern Mudsnail,2021-09-18 11:28:00-04:00,"Villas, NJ, USA",brennafarrell,39.0126833,-74.9505639,,Dead,https://www.inaturalist.org/observations/95824584
95818784,Eastern Mudsnail,2021-09-18 11:19:00-04:00,"Villas, NJ, USA",brennafarrell,39.013525,-74.9501556,,Alive,https://www.inaturalist.org/observations/95818784
94951572,Ilyanassa obsoleta,2021-09-15 14:24:46-04:00,Leonardo,sidemount,40.4226036072,-74.0594024658,,Unknown,https://www.inaturalist.org/observations/94951572
94579514,Ilyanassa obsoleta,2021-09-11 15:09:00-04:00,"Sandy Hook, Middletown Township, NJ, USA",danielmorton,40.4273461702,-73.9872150466,,Alive,https://www.inaturalist.org/observations/94579514
94571365,Ilyanassa obsoleta,2021-09-11 12:20:00-04:00,"Sandy Hook, Middletown Township, NJ, USA",danielmorton,40.4779209632,-74.0098592118,,Dead,https://www.inaturalist.org/observations/94571365
94571348,Ilyanassa obsoleta,2021-09-11 12:19:00-04:00,"Sandy Hook, Middletown Township, NJ, USA",danielmorton,40.4780158343,-74.0098551885,,Dead,https://www.inaturalist.org/observations/94571348
94209683,Ilyanassa obsoleta,2021-02-06 13:00:00-05:00,"Manasquan, NJ, USA",danielmorton,40.1032528819,-74.0342256949,,Dead,https://www.inaturalist.org/observations/94209683
92521489,Ilyanassa obsoleta,2021-08-25 19:43:31-04:00,Villas,katrina_iorio,39.014175415,-74.9495315552,,Alive,https://www.inaturalist.org/observations/92521489
91148606,Ilyanassa obsoleta,2021-08-13 17:51:57-04:00,"Gateway National Recreation Area - Sandy Hook, Highlands, NJ, US",dls4nj2020,40.44787,-73.9967033333,,Alive,https://www.inaturalist.org/observations/91148606
91134637,Eastern Mudsnail,2021-08-05 10:57:00-04:00,"Villas, NJ, USA",brennafarrell,39.0158241863,-74.949235731,,Dead,https://www.inaturalist.org/observations/91134637
91057640,Eastern Mudsnail,2021-08-05 10:24:00-04:00,"Villas, NJ, USA",brennafarrell,39.0139412088,-74.9500665233,,Alive,https://www.inaturalist.org/observations/91057640
91057638,Eastern Mudsnail,2021-08-05 10:24:00-04:00,"Villas, NJ, USA",brennafarrell,39.0139270797,-74.9500678644,,Alive,https://www.inaturalist.org/observations/91057638
91057637,Eastern Mudsnail,2021-08-05 10:24:00-04:00,"Villas, NJ, USA",brennafarrell,39.0139166594,-74.950075911,,Alive,https://www.inaturalist.org/observations/91057637
91057636,Eastern Mudsnail,2021-08-05 10:24:00-04:00,"Villas, NJ, USA",brennafarrell,39.0139062391,-74.9500665233,,Alive,https://www.inaturalist.org/observations/91057636
90604982,Ilyanassa obsoleta,2021-08-09 14:19:39-04:00,"Liberty State Park, Jersey City, NJ, US",mertensia,40.6963463091,-74.0534960374,,,https://www.inaturalist.org/observations/90604982
90603718,Ilyanassa obsoleta,2021-08-09 14:20:00-04:00,"Jersey City, NJ, USA",mertensia,40.6961029384,-74.0550503046,,,https://www.inaturalist.org/observations/90603718
90277320,Ilyanassa obsoleta,2021-08-07 11:31:01-04:00,"Cape May County, US-NJ, US",cchronister,39.0277325078,-74.9423418903,,Alive,https://www.inaturalist.org/observations/90277320
89718786,Ilyanassa obsoleta,2021-08-02 09:52:21-04:00,"Delaware Bay, Cape May, NJ, US",cchronister,39.0273052454,-74.9449375738,,Unknown,https://www.inaturalist.org/observations/89718786
88347744,Ilyanassa obsoleta,2021-07-23 14:45:05-04:00,"Villas, NJ, USA",jillian_roth,39.0129632278,-74.9463882297,,Alive,https://www.inaturalist.org/observations/88347744
83855254,Ilyanassa obsoleta,2021-06-20 13:12:48-04:00,"Sandy Hook Beach, NJ, Sandy Hook, NJ, USA",otofrog,40.4642417222,-74.0068070278,,,https://www.inaturalist.org/observations/83855254
83625113,Ilyanassa obsoleta,2021-06-18 10:50:18-04:00,"North Atlantic Ocean, Brigantine, NJ, US",a_srogota,39.3840716667,-74.4139166667,,,https://www.inaturalist.org/observations/83625113
81961841,Ilyanassa obsoleta,2021-06-06 12:47:15-04:00,"Great Bay Blvd, West Creek, NJ, US",lbhavlish,39.5102464084,-74.3204370882,,,https://www.inaturalist.org/observations/81961841
81946978,Ilyanassa obsoleta,2021-06-06 14:24:07-04:00,"Delaware Ave, Cape May, NJ, US",robincmclean,39.0378805,-74.93667,,Dead,https://www.inaturalist.org/observations/81946978
80596888,Ilyanassa obsoleta,2021-05-28 05:26:00-04:00,"Beach Ave, Cape May, NJ, US",mmccarthy98,39.0874263614,-74.9031488174,,Alive,https://www.inaturalist.org/observations/80596888
80186525,Ilyanassa obsoleta,2021-05-21 10:58:00-04:00,"Sandy Hook, North End",kgoodman,40.4756593033,-74.0085551888,,,https://www.inaturalist.org/observations/80186525
79672185,Ilyanassa obsoleta,2021-05-21 08:58:57-04:00,"Sandy Hook, Middletown Township, NJ, USA",kgoodman,40.4279241445,-73.986050114,,Alive,https://www.inaturalist.org/observations/79672185
78871499,Ilyanassa obsoleta,2021-05-15 14:41:36-04:00,"Cedar Island, Cape May, NJ, US",meg355,38.9558187325,-74.8896001999,,Alive,https://www.inaturalist.org/observations/78871499
78870139,Ilyanassa obsoleta,2021-05-15 14:32:07-04:00,"Cape Island, Cape May, NJ, US",meg355,38.9496161656,-74.9058286391,,Unknown,https://www.inaturalist.org/observations/78870139
77692420,Ilyanassa obsoleta,2021-05-06 09:22:23-04:00,"Millman Ln, Cape May, NJ, US",chicatarde,39.0345,-74.9389583333,,,https://www.inaturalist.org/observations/77692420
76242601,Ilyanassa obsoleta,2021-05-01 14:23:03-04:00,"Shark River, Belmar, NJ, US",michaelmorris,40.1788,-74.0331333333,,Unknown,https://www.inaturalist.org/observations/76242601
76001923,Ilyanassa obsoleta,2021-04-25 13:52:00-04:00,"Cape May County, US-NJ, US",rcurtis,39.0861883188,-74.9828732047,,Alive,https://www.inaturalist.org/observations/76001923
75996273,Ilyanassa obsoleta,2021-04-25 12:23:00-04:00,"Cape May County, US-NJ, US",rcurtis,39.0218932449,-74.8298437339,,Alive,https://www.inaturalist.org/observations/75996273
75564641,Eastern Mudsnail,2021-04-28 14:05:44-04:00,"Belmar Beach, Belmar, NJ, US",unsociable_crow,40.1696042641,-74.0155718678,,Dead,https://www.inaturalist.org/observations/75564641
75479099,Ilyanassa obsoleta,2021-04-27 18:24:02-04:00,"Long Beach Island, Beach Haven, NJ, US",jshaung,39.7321298859,-74.1262083594,,Alive,https://www.inaturalist.org/observations/75479099
73545313,Ilyanassa obsoleta,2021-04-10 12:24:00-04:00,"Long Branch, NJ 07740, USA",srall,40.3136407849,-73.9767184799,,Dead,https://www.inaturalist.org/observations/73545313
73347067,Ilyanassa obsoleta,2021-04-08 15:30:00-04:00,"Ocean City, Ocean City, NJ, US",bdubskis,39.2166338529,-74.6467299234,,Alive,https://www.inaturalist.org/observations/73347067
71980717,Ilyanassa obsoleta,2021-03-23 10:13:00-04:00,"Monmouth County, NJ, USA",nilshelstrom,40.466790735,-74.008119197,,Dead,https://www.inaturalist.org/observations/71980717
71463850,Ilyanassa obsoleta,2021-03-09 11:13:00-05:00,"Ocean, New Jersey, United States",javiehweg,39.792628,-74.101382,,Dead,https://www.inaturalist.org/observations/71463850
71125827,Eastern Mudsnail,2021-03-11 16:08:00-05:00,"Cape May County, NJ, USA",mamabeardavis,39.0851999434,-74.9046837482,,Alive,https://www.inaturalist.org/observations/71125827
70958393,Ilyanassa obsoleta,2021-03-10 10:55:00-05:00,"Sayreville, NJ, USA",srall,40.4792827943,-74.2684241285,,Dead,https://www.inaturalist.org/observations/70958393
70958384,Ilyanassa obsoleta,2021-03-10 10:53:00-05:00,"Sayreville, NJ, USA",srall,40.4792827943,-74.2684241285,,Dead,https://www.inaturalist.org/observations/70958384
66169503,Ilyanassa obsoleta,2020-10-24 09:13:22-04:00,"Sandy Hook Beach, NJ, US",haley_carlton,40.471395,-73.9946283333,,Dead,https://www.inaturalist.org/observations/66169503
65910916,Ilyanassa obsoleta,2020-11-28 13:27:00-05:00,"Old Bridge, NJ, USA",srall,40.4524669336,-74.2286094512,,Dead,https://www.inaturalist.org/observations/65910916
64877418,Ilyanassa obsoleta,2020-11-14 11:11:00-05:00,"Laurence Harbor, Old Bridge Township, NJ, USA",dendroica,40.4627195068,-74.2562542191,,Dead,https://www.inaturalist.org/observations/64877418
64877417,Ilyanassa obsoleta,2020-11-14 11:11:00-05:00,"Laurence Harbor, Old Bridge Township, NJ, USA",dendroica,40.4627195068,-74.2562542191,,Dead,https://www.inaturalist.org/observations/64877417
64877414,Ilyanassa obsoleta,2020-11-14 11:07:00-05:00,"Laurence Harbor, Old Bridge Township, NJ, USA",dendroica,40.4627195068,-74.2562542191,,Alive,https://www.inaturalist.org/observations/64877414
64875333,Ilyanassa obsoleta,2020-11-14 14:05:44-05:00,"Maurice River, NJ 08314, USA",johncanoles,39.19352137,-74.98591024,,Alive,https://www.inaturalist.org/observations/64875333
64599520,Ilyanassa obsoleta,2020-11-07 19:14:04-05:00,"Absecon Island, Margate City, NJ, US",danbachalis,39.3249570416,-74.5015492832,,Dead,https://www.inaturalist.org/observations/64599520
64406184,Ilyanassa obsoleta,2020-11-07 13:19:00-05:00,"Avalon, NJ 08202, USA",mattparr,39.1079805556,-74.7066555556,,Dead,https://www.inaturalist.org/observations/64406184
63498498,Ilyanassa obsoleta,2020-10-24 15:16:30-04:00,"Sandy Hook Beach, Atlantic Highlands, NJ, US",arisingunder,40.44883,-74.0001444445,,Alive,https://www.inaturalist.org/observations/63498498
62004724,Ilyanassa obsoleta,2020-10-07 14:25:59-04:00,"Parkertown Dr, Little Egg Harbor Twp, NJ, US",hannahxlin,39.6309648306,-74.3254825538,,Dead,https://www.inaturalist.org/observations/62004724
61909611,Ilyanassa obsoleta,2020-10-06 16:24:09-04:00,"Raritan Bay, South Amboy, NJ, US",klaudiawielowski,40.462345,-74.25464667,,,https://www.inaturalist.org/observations/61909611
61612417,Ilyanassa obsoleta,2020-10-02 17:09:29-04:00,"Sandy Hook Beach, Atlantic Highlands, NJ, US",apatti,40.44872,-73.9994366667,,Alive,https://www.inaturalist.org/observations/61612417
61424542,Ilyanassa obsoleta,2020-09-24 18:35:19-04:00,"North Atlantic Ocean, Margate City, NJ, US",mayaswift1,39.3356101779,-74.5113881103,,Alive,https://www.inaturalist.org/observations/61424542
61169438,Ilyanassa obsoleta,2020-09-27 15:04:00-04:00,"Laurence Harbor, Old Bridge Township, NJ, USA",srall,40.4622638299,-74.2549329247,,Dead,https://www.inaturalist.org/observations/61169438
61161952,Ilyanassa obsoleta,2020-09-27 14:40:00-04:00,"Laurence Harbor, Old Bridge Township, NJ, USA",srall,40.4592098762,-74.246958014,,Dead,https://www.inaturalist.org/observations/61161952
61161945,Ilyanassa obsoleta,2020-09-27 14:40:00-04:00,"Laurence Harbor, Old Bridge Township, NJ, USA",srall,40.4592098762,-74.246958014,,Dead,https://www.inaturalist.org/observations/61161945
61122734,Ilyanassa obsoleta,2020-09-27 14:09:00-04:00,"Sayreville, NJ, USA",srall,40.4795675583,-74.2683055847,,Dead,https://www.inaturalist.org/observations/61122734
59820425,Ilyanassa obsoleta,2020-09-16 15:50:01-04:00,"Sandy Hook Beach, Atlantic Highlands, NJ, US",kiyomijane,40.44888333,-74.00038056,,Alive,https://www.inaturalist.org/observations/59820425
59797699,Ilyanassa obsoleta,2020-09-16 14:03:20-04:00,"North Atlantic Ocean, Ventnor City, NJ, US",mayaswift1,39.3443252103,-74.5003179772,,Alive,https://www.inaturalist.org/observations/59797699
59795706,Ilyanassa obsoleta,2020-09-16 13:45:11-04:00,"Great Channel, Cape May, NJ, US",larrybird,39.0303638703,-74.7843577188,,Alive,https://www.inaturalist.org/observations/59795706
59387923,Ilyanassa obsoleta,2020-09-12 11:03:00-04:00,"Perth Amboy, NJ, USA",srall,40.5005740639,-74.2778376889,,Alive,https://www.inaturalist.org/observations/59387923
58897523,Ilyanassa obsoleta,2020-09-07 19:11:55-04:00,"Culebra Ave, Toms River, NJ, US",lucaskelly,39.9666614039,-74.1232684907,,,https://www.inaturalist.org/observations/58897523
58035944,Ilyanassa obsoleta,2020-08-30 11:37:30-04:00,"Flat Creek, Union Beach, NJ, US",morganweaver,40.4480813763,-74.1655525011,,Alive,https://www.inaturalist.org/observations/58035944
57134522,Ilyanassa obsoleta,2020-08-20 13:30:52-04:00,Ocean City,hypersonicgx,39.2776941535,-74.5746001974,,Unknown,https://www.inaturalist.org/observations/57134522
57062629,Ilyanassa obsoleta,2020-08-20 14:06:57-04:00,Ocean City,hypersonicgx,39.2776941535,-74.5746001974,,Alive,https://www.inaturalist.org/observations/57062629
57062303,Ilyanassa obsoleta,2020-08-20 14:08:15-04:00,Ocean City,hypersonicgx,39.2776941535,-74.5746001974,,Alive,https://www.inaturalist.org/observations/57062303
57062260,Ilyanassa obsoleta,2020-08-20 14:08:10-04:00,Ocean City,hypersonicgx,39.2776941535,-74.5746001974,,Alive,https://www.inaturalist.org/observations/57062260
57062230,Ilyanassa obsoleta,2020-08-20 14:07:29-04:00,Ocean City,hypersonicgx,39.2776941535,-74.5746001974,,Alive,https://www.inaturalist.org/observations/57062230
57062151,Ilyanassa obsoleta,2020-08-20 14:08:08-04:00,Ocean City,hypersonicgx,39.2776941535,-74.5746001974,,Alive,https://www.inaturalist.org/observations/57062151
57062110,Ilyanassa obsoleta,2020-08-20 14:08:04-04:00,Ocean City,hypersonicgx,39.2776941535,-74.5746001974,,Alive,https://www.inaturalist.org/observations/57062110
56419799,Ilyanassa obsoleta,2020-08-14 09:15:00-04:00,"Cliffwood Beach, Aberdeen Township, NJ 07735, USA",cris720,40.45,-74.2180555556,,Alive,https://www.inaturalist.org/observations/56419799
56026515,Ilyanassa obsoleta,2020-08-09 17:28:33-04:00,Ocean City,hypersonicgx,39.2776941535,-74.5746001974,,Dead,https://www.inaturalist.org/observations/56026515
54683183,Ilyanassa obsoleta,2020-07-28 23:12:26+00:00,Keyport,sprocket28,40.4367366885,-74.2065757403,,Dead,https://www.inaturalist.org/observations/54683183
52399560,Ilyanassa obsoleta,2020-05-25 06:18:26-04:00,"Fairwaters Ln, Fair Haven, NJ, US",craigsteel,40.3677763488,-74.0384932337,,Dead,https://www.inaturalist.org/observations/52399560
52071656,Ilyanassa obsoleta,2020-07-05 17:09:11-04:00,"Dock St, West Creek, NJ, US",mertensia,39.6101391031,-74.2919665271,,Dead,https://www.inaturalist.org/observations/52071656
51140336,Ilyanassa obsoleta,2020-06-27 14:55:07-04:00,"Little Egg Harbor Township, NJ, USA",andreahabeck,39.5658318616,-74.3424845114,,Alive,https://www.inaturalist.org/observations/51140336
50805969,Ilyanassa obsoleta,2020-06-22 00:16:00-04:00,"Lacey Township, NJ, USA",nmacelko2,39.853808,-74.089533,,Alive,https://www.inaturalist.org/observations/50805969
50010463,Ilyanassa obsoleta,2020-06-16 10:59:41-04:00,Norburys Landing,kathy73,39.0504415685,-74.9276727811,,Alive,https://www.inaturalist.org/observations/50010463
49427706,Ilyanassa obsoleta,2020-06-12 18:41:34-04:00,"Cape May County, US-NJ, US",lindawiddop,39.0255788248,-74.9445665908,,Alive,https://www.inaturalist.org/observations/49427706
48734948,Ilyanassa obsoleta,2020-06-05 11:07:48-04:00,"Long Beach Island, New Jersey, USA",sean0492,39.5187538611,-74.2835875556,Juvenile,Unknown,https://www.inaturalist.org/observations/48734948
48553364,Ilyanassa obsoleta,2020-06-05 12:43:35-04:00,"Barnegat Bay, Ocean Gate, NJ, US",tomsriverposeidon,39.7865262581,-74.1081012693,,Alive,https://www.inaturalist.org/observations/48553364
48464974,Ilyanassa obsoleta,2020-06-04 12:56:36-04:00,"Bay Ave, Heislerville, NJ, US",girliesquirrel,39.193705,-75.02388883,,Alive,https://www.inaturalist.org/observations/48464974
48150780,Ilyanassa obsoleta,2020-06-01 10:33:07-04:00,"Sandy Hook Beach, Highlands, NJ, US",rubymoonbeams,40.4163684845,-73.9825765123,,Alive,https://www.inaturalist.org/observations/48150780
47863319,Ilyanassa obsoleta,2020-05-30 12:50:05-04:00,"Great Bay Blvd, West Creek, NJ, US",amyplantarich,39.5669405116,-74.3423405104,,Alive,https://www.inaturalist.org/observations/47863319
47467985,Ilyanassa obsoleta,2020-05-26 15:22:00-04:00,"Manasquan, NJ, USA",darfio,40.1070277778,-74.0428,,Alive,https://www.inaturalist.org/observations/47467985
47365908,Ilyanassa obsoleta,2020-05-25 17:00:48-04:00,"Perth Amboy, NJ, USA",davidmock,40.498941,-74.268545,,Alive,https://www.inaturalist.org/observations/47365908
47323002,Ilyanassa obsoleta,2020-05-25 17:01:10-04:00,"Raritan Bay, Perth Amboy, NJ, US",whistler1,40.4989499914,-74.268441671,,Alive,https://www.inaturalist.org/observations/47323002
46423227,Ilyanassa obsoleta,2020-05-18 17:47:59-04:00,"Island Beach State Park, Ocean Gate, NJ, US",dcvmnaturalist,39.7894766881,-74.0973588546,,Dead,https://www.inaturalist.org/observations/46423227
46149358,Ilyanassa obsoleta,2020-05-16 17:53:58-04:00,"Bay Ave, Ocean City, NJ, US",michaelmorris,39.2166560103,-74.6471626729,,Dead,https://www.inaturalist.org/observations/46149358
45889151,Ilyanassa obsoleta,2020-05-14 12:54:10-04:00,"Sandy Hook Beach, Highlands, NJ, US",yayabenzvi,40.4175186949,-73.9845699538,,Dead,https://www.inaturalist.org/observations/45889151
45271413,Ilyanassa obsoleta,2020-05-05 14:45:40-04:00,"Delaware Bay, Cape May, NJ, US",sgalick,39.07073883,-74.91465,Egg,Unknown,https://www.inaturalist.org/observations/45271413
40669122,Ilyanassa obsoleta,2020-03-24 15:21:19-04:00,"Maurice River, NJ 08314, USA",erin_allison,39.1910444444,-74.952275,,Dead,https://www.inaturalist.org/observations/40669122
40192278,Ilyanassa obsoleta,2020-03-18 07:28:00-04:00,"Monmouth, New Jersey, United States",javiehweg,40.1062069722,-74.0400609722,,Dead,https://www.inaturalist.org/observations/40192278
40188615,Ilyanassa obsoleta,2020-03-18 13:35:53-04:00,"Lanoka Harbor, NJ 08734, USA",lucialiet,39.89452287,-74.08950624,,Alive,https://www.inaturalist.org/observations/40188615
38812512,Ilyanassa obsoleta,2020-02-17 10:03:57-05:00,"CAPE MAY CH, NJ 08210, USA",erin_allison,39.0793075562,-74.9091033936,,Alive,https://www.inaturalist.org/observations/38812512
38315651,Ilyanassa obsoleta,2020-02-01 11:37:48-05:00,"South Beach - Area C, Highlands, NJ, US",pclayman,40.40573,-73.981025,,Dead,https://www.inaturalist.org/observations/38315651
38265849,Ilyanassa obsoleta,2020-02-01 12:01:46-05:00,"South Beach - Area C, Highlands, NJ, US",mjy9,40.4064333333,-73.9814216667,,Dead,https://www.inaturalist.org/observations/38265849
38238337,Ilyanassa obsoleta,2020-02-01 11:37:53-05:00,"Sandy Hook, Middletown, NJ, USA",dayanaraocasio,40.40575597,-73.98105595,,Dead,https://www.inaturalist.org/observations/38238337
38238330,Ilyanassa obsoleta,2020-02-01 11:37:25-05:00,"Sandy Hook, Middletown, NJ, USA",dayanaraocasio,40.40573298,-73.98104725,,Alive,https://www.inaturalist.org/observations/38238330
38185190,Ilyanassa obsoleta,2020-02-01 12:01:48-05:00,"South Beach - Area C, Highlands, NJ, US",abdallah18,40.4064514814,-73.9813843277,,Dead,https://www.inaturalist.org/observations/38185190
38185147,Ilyanassa obsoleta,2020-02-01 11:50:08-05:00,"South Beach - Area C, Highlands, NJ, US",destiniemolenaar1,40.4064637609,-73.9811724332,,Dead,https://www.inaturalist.org/observations/38185147
38184738,Ilyanassa obsoleta,2020-02-01 11:49:59-05:00,"South Beach - Area C, Highlands, NJ, US",adeshewa,40.4064300238,-73.9813359641,,Dead,https://www.inaturalist.org/observations/38184738
38184559,Ilyanassa obsoleta,2020-02-01 11:37:53-05:00,"Raritan Bay, Highlands, NJ, US",sumaiyanila13,40.405898912,-73.9822539833,,Dead,https://www.inaturalist.org/observations/38184559
38184474,Ilyanassa obsoleta,2020-02-01 11:39:43-05:00,"South Beach - Area C, Highlands, NJ, US",francisventura05,40.4058025208,-73.9811226138,,Dead,https://www.inaturalist.org/observations/38184474
38184467,Ilyanassa obsoleta,2020-02-01 11:37:43-05:00,"Sandy Hook, Middletown, NJ, USA",daniellehurst,40.40569515,-73.98099023,,Unknown,https://www.inaturalist.org/observations/38184467
38184465,Ilyanassa obsoleta,2020-02-01 11:38:16-05:00,"South Beach - Area C, Highlands, NJ, US",ak1643,40.4057055943,-73.9810535615,,Dead,https://www.inaturalist.org/observations/38184465
